{
  "layer": 8,
  "neuron_idx": 481,
  "layer_type": "mlp_out",
  "token_pos": "last (511)",
  "output_tokens": false,
  "num_bins": null,
  "num_samples": 500,
  "balanced": false,
  "target_samples_per_bin": null,
  "activation_stats": {
    "min": 5.10477352142334,
    "max": 25.06818199157715,
    "mean": 16.8935278301239,
    "std": 3.646510573945053,
    "quartiles": [
      14.530350685119629,
      17.08816909790039,
      19.334918975830078
    ]
  },
  "dataset_info": {
    "max_length": 512,
    "output_tokens": false,
    "num_bins": 10
  }
}