{
  "layer": 11,
  "neuron_idx": 6,
  "layer_type": "mlp_out",
  "token_pos": "last (511)",
  "output_tokens": false,
  "num_bins": null,
  "num_samples": 500,
  "balanced": false,
  "target_samples_per_bin": null,
  "activation_stats": {
    "min": 17.222822189331055,
    "max": 74.07270812988281,
    "mean": 50.250663173675534,
    "std": 10.68155703564281,
    "quartiles": [
      42.37018585205078,
      51.64715576171875,
      57.7133903503418
    ]
  },
  "dataset_info": {
    "max_length": 512,
    "output_tokens": false,
    "num_bins": 10
  }
}