{
  "layer": 8,
  "neuron_idx": 481,
  "layer_type": "mlp_out",
  "token_pos": "last (511)",
  "output_tokens": false,
  "num_bins": null,
  "num_samples": 500,
  "balanced": false,
  "target_samples_per_bin": null,
  "activation_stats": {
    "min": 5.10477352142334,
    "max": 24.64653968811035,
    "mean": 16.595086569786073,
    "std": 3.9736182155426847,
    "quartiles": [
      13.932459354400635,
      16.64132308959961,
      19.415411949157715
    ]
  },
  "dataset_info": {
    "max_length": 512,
    "output_tokens": false,
    "num_bins": 10
  }
}